id,firstname,lastname,email,age,type
100,Marline,Solitta,Marline.Solitta@yopmail.com,86,Board Member
101,Tina,Armanda,Tina.Armanda@yopmail.com,77,Worker
102,Daune,Turne,Daune.Turne@yopmail.com,58,Student
103,Kary,Wilona,Kary.Wilona@yopmail.com,9,Police Officer
104,Valli,Cavan,Valli.Cavan@yopmail.com,72,Security
105,Sissy,Tayib,Sissy.Tayib@yopmail.com,56,Security
106,Heida,Levey,Heida.Levey@yopmail.com,76,Board Member
107,Genovera,Hedve,Genovera.Hedve@yopmail.com,88,Police Officer
108,Nyssa,Standing,Nyssa.Standing@yopmail.com,5,Worker
109,Ronna,Fennessy,Ronna.Fennessy@yopmail.com,81,Board Member
110,Iseabal,Pattin,Iseabal.Pattin@yopmail.com,78,Student
111,Corly,Millda,Corly.Millda@yopmail.com,48,Security